feature,importance
years_experience,0.35567154187655214
experience_level,0.2949156332820373
days_open,0.10964801348320935
benefits_score,0.10430156696040395
company_size,0.040865679264038716
education_required,0.03406746928592956
employment_type,0.032948326754716824
remote_ratio,0.027581769093112204
